Canonical Type,Count,Lines,Raw Types
UNKNOWN_PATH::sharedPreferences);,1,643,sharedPreferences);
UNKNOWN_PATH::Dio,1,644,Dio
package:flutter_sixvalley_ecommerce/core/di/data_sources/logging_interceptor.dart::LoggingInterceptor,1,645,customer_interceptor.LoggingInterceptor
UNKNOWN_PATH::Connectivity,1,646,Connectivity
UNKNOWN_PATH::NetworkInfo,1,647,NetworkInfo
UNKNOWN_PATH::GuestModeController,1,648,GuestModeController
package:flutter_sixvalley_ecommerce/core/di/data_sources/dio_client.dart::DioClient,1,649,customer_dio_client.DioClient
UNKNOWN_PATH::dataSyncRepoInterface);,1,658,dataSyncRepoInterface);
UNKNOWN_PATH::dataSyncServiceInterface);,1,661,dataSyncServiceInterface);
UNKNOWN_PATH::FlashDealRepository,1,668,FlashDealRepository
UNKNOWN_PATH::,26,"669, 705, 711, 713, 1126, 1129, 1556, 1566, 1579, 1585, 1597, 1611, 1616, 1618, 1624, 1626, 1640, 1653, 1655, 1657, 1662, 1669, 1674, 1677, 1690, 1693",", , , , , , , , , , , , , , , , , , , , , , , , , "
UNKNOWN_PATH::OnBoardingRepository,1,677,OnBoardingRepository
UNKNOWN_PATH::ProductDetailsRepository,1,680,ProductDetailsRepository
UNKNOWN_PATH::OrderRepository,1,683,OrderRepository
UNKNOWN_PATH::CouponRepository,1,686,CouponRepository
UNKNOWN_PATH::ChatRepository,1,687,ChatRepository
UNKNOWN_PATH::NotificationRepository,1,688,NotificationRepository
UNKNOWN_PATH::WishListRepository,1,691,WishListRepository
UNKNOWN_PATH::SupportTicketRepository,1,696,SupportTicketRepository
UNKNOWN_PATH::AddressRepository,1,697,AddressRepository
UNKNOWN_PATH::WalletRepository,1,698,WalletRepository
UNKNOWN_PATH::CompareRepository,1,699,CompareRepository
UNKNOWN_PATH::LoyaltyPointRepository,1,700,LoyaltyPointRepository
UNKNOWN_PATH::CheckoutRepository,1,701,CheckoutRepository
UNKNOWN_PATH::LocationRepository,1,702,LocationRepository
UNKNOWN_PATH::ShippingRepository,1,703,ShippingRepository
UNKNOWN_PATH::ContactUsRepository,1,704,ContactUsRepository
UNKNOWN_PATH::OrderDetailsRepository,1,707,OrderDetailsRepository
UNKNOWN_PATH::RefundRepository,1,708,RefundRepository
UNKNOWN_PATH::ReOrderRepository,1,709,ReOrderRepository
UNKNOWN_PATH::RestockRepository,1,710,RestockRepository
UNKNOWN_PATH::CategoryController,1,717,CategoryController
UNKNOWN_PATH::ShopController,1,718,ShopController
UNKNOWN_PATH::BrandController,1,723,BrandController
UNKNOWN_PATH::ProductController,1,724,ProductController
UNKNOWN_PATH::BannerController,1,725,BannerController
UNKNOWN_PATH::AuthController,1,728,AuthController
UNKNOWN_PATH::OrderController,1,733,OrderController
UNKNOWN_PATH::CouponController,1,734,CouponController
UNKNOWN_PATH::ChatController,1,735,ChatController
UNKNOWN_PATH::ProfileController,1,738,ProfileController
UNKNOWN_PATH::WishListController,1,739,WishListController
UNKNOWN_PATH::SplashController,1,740,SplashController
UNKNOWN_PATH::CartController,1,741,CartController
UNKNOWN_PATH::LocalizationController,1,744,LocalizationController
UNKNOWN_PATH::ThemeController,1,745,ThemeController
UNKNOWN_PATH::GoogleSignInController,1,746,GoogleSignInController
UNKNOWN_PATH::FacebookLoginController,1,747,FacebookLoginController
UNKNOWN_PATH::AddressController,1,748,AddressController
UNKNOWN_PATH::WalletController,1,749,WalletController
UNKNOWN_PATH::CompareController,1,750,CompareController
UNKNOWN_PATH::CheckoutController,1,753,CheckoutController
UNKNOWN_PATH::LocationController,1,756,LocationController
UNKNOWN_PATH::ShippingController,1,757,ShippingController
UNKNOWN_PATH::ReviewController,1,760,ReviewController
UNKNOWN_PATH::RefundController,1,765,RefundController
UNKNOWN_PATH::ReOrderController,1,766,ReOrderController
UNKNOWN_PATH::RestockController,1,767,RestockController
UNKNOWN_PATH::addressRepoInterface);,1,776,addressRepoInterface);
UNKNOWN_PATH::addressServiceInterface);,1,779,addressServiceInterface);
UNKNOWN_PATH::authRepoInterface);,1,783,authRepoInterface);
UNKNOWN_PATH::authServiceInterface);,1,786,authServiceInterface);
UNKNOWN_PATH::bannerRepositoryInterface);,1,790,bannerRepositoryInterface);
UNKNOWN_PATH::bannerServiceInterface);,1,793,bannerServiceInterface);
UNKNOWN_PATH::brandRepoInterface);,1,797,brandRepoInterface);
UNKNOWN_PATH::brandServiceInterface);,1,800,brandServiceInterface);
UNKNOWN_PATH::cartRepositoryInterface);,1,804,cartRepositoryInterface);
UNKNOWN_PATH::cartServiceInterface);,1,807,cartServiceInterface);
UNKNOWN_PATH::categoryRepoInterface);,1,811,categoryRepoInterface);
UNKNOWN_PATH::categoryServiceInterface);,1,814,categoryServiceInterface);
UNKNOWN_PATH::chatRepositoryInterface);,1,818,chatRepositoryInterface);
UNKNOWN_PATH::chatServiceInterface);,1,821,chatServiceInterface);
UNKNOWN_PATH::shippingRepositoryInterface);,1,825,shippingRepositoryInterface);
UNKNOWN_PATH::shippingServiceInterface);,1,828,shippingServiceInterface);
UNKNOWN_PATH::checkoutRepositoryInterface);,1,832,checkoutRepositoryInterface);
UNKNOWN_PATH::checkoutServiceInterface);,1,835,checkoutServiceInterface);
UNKNOWN_PATH::auctionCheckoutRepositoryInterface);,1,839,auctionCheckoutRepositoryInterface);
UNKNOWN_PATH::auctionCheckoutServiceInterface);,1,842,auctionCheckoutServiceInterface);
UNKNOWN_PATH::compareRepositoryInterface);,1,846,compareRepositoryInterface);
UNKNOWN_PATH::compareServiceInterface);,1,849,compareServiceInterface);
UNKNOWN_PATH::contactUsRepositoryInterface);,1,853,contactUsRepositoryInterface);
UNKNOWN_PATH::contactUsServiceInterface);,1,856,contactUsServiceInterface);
UNKNOWN_PATH::couponRepositoryInterface);,1,860,couponRepositoryInterface);
UNKNOWN_PATH::couponServiceInterface);,1,863,couponServiceInterface);
UNKNOWN_PATH::flashDealRepositoryInterface);,1,867,flashDealRepositoryInterface);
UNKNOWN_PATH::flashDealServiceInterface);,1,870,flashDealServiceInterface);
UNKNOWN_PATH::featuredDealRepositoryInterface);,1,874,featuredDealRepositoryInterface);
UNKNOWN_PATH::featuredDealServiceInterface);,1,877,featuredDealServiceInterface);
UNKNOWN_PATH::locationRepositoryInterface);,1,881,locationRepositoryInterface);
UNKNOWN_PATH::locationServiceInterface);,1,884,locationServiceInterface);
UNKNOWN_PATH::loyaltyPointRepositoryInterface);,1,888,loyaltyPointRepositoryInterface);
UNKNOWN_PATH::loyaltyPointServiceInterface);,1,891,loyaltyPointServiceInterface);
UNKNOWN_PATH::notificationRepositoryInterface);,1,895,notificationRepositoryInterface);
UNKNOWN_PATH::notificationServiceInterface);,1,898,notificationServiceInterface);
UNKNOWN_PATH::onBoardingRepositoryInterface);,1,902,onBoardingRepositoryInterface);
UNKNOWN_PATH::onBoardingServiceInterface);,1,905,onBoardingServiceInterface);
UNKNOWN_PATH::orderRepositoryInterface);,1,909,orderRepositoryInterface);
UNKNOWN_PATH::orderServiceInterface);,1,912,orderServiceInterface);
UNKNOWN_PATH::orderDetailsRepositoryInterface);,1,916,orderDetailsRepositoryInterface);
UNKNOWN_PATH::orderDetailsServiceInterface);,1,919,orderDetailsServiceInterface);
UNKNOWN_PATH::refundRepositoryInterface);,1,923,refundRepositoryInterface);
UNKNOWN_PATH::refundServiceInterface);,1,926,refundServiceInterface);
UNKNOWN_PATH::reOrderRepositoryInterface);,1,930,reOrderRepositoryInterface);
UNKNOWN_PATH::reOrderServiceInterface);,1,933,reOrderServiceInterface);
UNKNOWN_PATH::reviewRepositoryInterface);,1,937,reviewRepositoryInterface);
UNKNOWN_PATH::reviewServiceInterface);,1,940,reviewServiceInterface);
UNKNOWN_PATH::productDetailsRepositoryInterface);,1,944,productDetailsRepositoryInterface);
UNKNOWN_PATH::productDetailsServiceInterface);,1,947,productDetailsServiceInterface);
UNKNOWN_PATH::sellerProductRepositoryInterface);,1,951,sellerProductRepositoryInterface);
UNKNOWN_PATH::sellerProductServiceInterface);,1,954,sellerProductServiceInterface);
UNKNOWN_PATH::shopRepositoryInterface);,1,958,shopRepositoryInterface);
UNKNOWN_PATH::shopServiceInterface);,1,961,shopServiceInterface);
UNKNOWN_PATH::productRepositoryInterface);,1,965,productRepositoryInterface);
UNKNOWN_PATH::productServiceInterface);,1,968,productServiceInterface);
UNKNOWN_PATH::profileRepositoryInterface);,1,972,profileRepositoryInterface);
UNKNOWN_PATH::profileServiceInterface);,1,975,profileServiceInterface);
UNKNOWN_PATH::splashRepositoryInterface);,1,979,splashRepositoryInterface);
UNKNOWN_PATH::splashServiceInterface);,1,982,splashServiceInterface);
UNKNOWN_PATH::supportTicketRepositoryInterface);,1,986,supportTicketRepositoryInterface);
UNKNOWN_PATH::supportTicketServiceInterface);,1,989,supportTicketServiceInterface);
UNKNOWN_PATH::wishListRepositoryInterface);,1,993,wishListRepositoryInterface);
UNKNOWN_PATH::wishlistServiceInterface);,1,996,wishlistServiceInterface);
UNKNOWN_PATH::walletRepositoryInterface);,1,1000,walletRepositoryInterface);
UNKNOWN_PATH::walletServiceInterface);,1,1003,walletServiceInterface);
UNKNOWN_PATH::searchProductRepositoryInterface);,1,1007,searchProductRepositoryInterface);
UNKNOWN_PATH::searchProductServiceInterface);,1,1010,searchProductServiceInterface);
UNKNOWN_PATH::restockRepositoryInterface);,1,1014,restockRepositoryInterface);
UNKNOWN_PATH::restockServiceInterface);,1,1017,restockServiceInterface);
UNKNOWN_PATH::AddressService,1,1025,AddressService
UNKNOWN_PATH::AuthService,1,1026,AuthService
UNKNOWN_PATH::BrandService,1,1029,BrandService
UNKNOWN_PATH::CartService,1,1030,CartService
UNKNOWN_PATH::CategoryService,1,1031,CategoryService
UNKNOWN_PATH::ChatService,1,1032,ChatService
UNKNOWN_PATH::LocationService,1,1047,LocationService
UNKNOWN_PATH::OrderService,1,1054,OrderService
UNKNOWN_PATH::ShopService,1,1067,ShopService
UNKNOWN_PATH::auctionCategoryRepoInterface);,1,1087,auctionCategoryRepoInterface);
UNKNOWN_PATH::auctionCategoryServiceInterface);,1,1090,auctionCategoryServiceInterface);
UNKNOWN_PATH::auctionHomeRepoInterface);,1,1096,auctionHomeRepoInterface);
UNKNOWN_PATH::auctionHomeServiceInterface);,1,1099,auctionHomeServiceInterface);
UNKNOWN_PATH::auctionSearchRepoInterface);,1,1107,auctionSearchRepoInterface);
UNKNOWN_PATH::auctionSearchServiceInterface);,1,1111,auctionSearchServiceInterface);
UNKNOWN_PATH::AddAuctionProductMediaController,2,"1116, 1687","AddAuctionProductMediaController, AddAuctionProductMediaController"
UNKNOWN_PATH::addAuctionProductRepositoryInterface);,1,1120,addAuctionProductRepositoryInterface);
UNKNOWN_PATH::addAuctionProductServiceInterface);,1,1124,addAuctionProductServiceInterface);
UNKNOWN_PATH::repoInterface);,1,1134,repoInterface);
UNKNOWN_PATH::serviceInterface);,1,1138,serviceInterface);
UNKNOWN_PATH::creatorAuctionDetailsRepoInterface);,1,1142,creatorAuctionDetailsRepoInterface);
UNKNOWN_PATH::creatorAuctionDetailsServiceInterface);,1,1146,creatorAuctionDetailsServiceInterface);
UNKNOWN_PATH::customerAuctionListRepoInterface);,1,1153,customerAuctionListRepoInterface);
UNKNOWN_PATH::customerAuctionListServiceInterface);,1,1157,customerAuctionListServiceInterface);
UNKNOWN_PATH::vatTaxRepositoryInterface);,1,1164,vatTaxRepositoryInterface);
UNKNOWN_PATH::vatTaxServiceInterface);,1,1168,vatTaxServiceInterface);
UNKNOWN_PATH::VatTaxController,1,1170,VatTaxController
UNKNOWN_PATH::aiShoppingRepositoryInterface);,1,1174,aiShoppingRepositoryInterface);
UNKNOWN_PATH::aiShoppingServiceInterface);,1,1178,aiShoppingServiceInterface);
UNKNOWN_PATH::auctionAiRepositoryInterface);,1,1185,auctionAiRepositoryInterface);
UNKNOWN_PATH::auctionAiServiceInterface);,1,1189,auctionAiServiceInterface);
UNKNOWN_PATH::auctionParticipationRepositoryInterface);,1,1197,auctionParticipationRepositoryInterface);
UNKNOWN_PATH::auctionParticipationServiceInterface);,1,1201,auctionParticipationServiceInterface);
UNKNOWN_PATH::AuctionParticipationController,1,1203,AuctionParticipationController
UNKNOWN_PATH::ParticipationAuctionDetailsServiceInterface,1,1209,ParticipationAuctionDetailsServiceInterface
UNKNOWN_PATH::ParticipationAuctionDetailsController,1,1213,ParticipationAuctionDetailsController
UNKNOWN_PATH::userCreatedAuctionListRepoInterface);,1,1219,userCreatedAuctionListRepoInterface);
UNKNOWN_PATH::userCreatedAuctionListServiceInterface);,1,1224,userCreatedAuctionListServiceInterface);
UNKNOWN_PATH::UserCreatedAuctionListController,1,1226,UserCreatedAuctionListController
UNKNOWN_PATH::auctionDashboardSummaryRepo);,1,1231,auctionDashboardSummaryRepo);
UNKNOWN_PATH::auctionDashboardSummaryService);,1,1235,auctionDashboardSummaryService);
UNKNOWN_PATH::transactionRepositoryInterface);,1,1242,transactionRepositoryInterface);
UNKNOWN_PATH::auctionTransactionRepositoryInterface);,1,1251,auctionTransactionRepositoryInterface);
UNKNOWN_PATH::auctionTransactionServiceInterface);,1,1255,auctionTransactionServiceInterface);
UNKNOWN_PATH::DioClient,1,1263,DioClient
UNKNOWN_PATH::LoggingInterceptor,1,1273,LoggingInterceptor
UNKNOWN_PATH::vendor_authRepoInterface);,1,1279,vendor_authRepoInterface);
UNKNOWN_PATH::bankInfoRepoInterface);,1,1283,bankInfoRepoInterface);
UNKNOWN_PATH::chatRepoInterface);,1,1286,chatRepoInterface);
UNKNOWN_PATH::couponRepoInterface);,1,1290,couponRepoInterface);
UNKNOWN_PATH::deliveryManRepoInterface);,1,1294,deliveryManRepoInterface);
UNKNOWN_PATH::emergencyContractRepoInterface);,1,1299,emergencyContractRepoInterface);
UNKNOWN_PATH::orderRepoInterface);,1,1302,orderRepoInterface);
UNKNOWN_PATH::productRepoInterface);,1,1306,productRepoInterface);
UNKNOWN_PATH::profileRepoInterface);,1,1310,profileRepoInterface);
UNKNOWN_PATH::refundRepoInterface);,1,1313,refundRepoInterface);
UNKNOWN_PATH::productReviewRepoInterface);,1,1317,productReviewRepoInterface);
UNKNOWN_PATH::businessRepoInterface);,1,1320,businessRepoInterface);
UNKNOWN_PATH::shippingRepoInterface);,1,1324,shippingRepoInterface);
UNKNOWN_PATH::addProductRepositoryInterface);,1,1328,addProductRepositoryInterface);
UNKNOWN_PATH::splashRepoInterface);,1,1332,splashRepoInterface);
UNKNOWN_PATH::transactionRepoInterface);,1,1336,transactionRepoInterface);
UNKNOWN_PATH::notificationRepoInterface);,1,1340,notificationRepoInterface);
UNKNOWN_PATH::walletRepoInterface);,1,1343,walletRepoInterface);
UNKNOWN_PATH::vendor_locationRepositoryInterface);,1,1347,vendor_locationRepositoryInterface);
UNKNOWN_PATH::vendor_cartRepositoryInterface);,1,1351,vendor_cartRepositoryInterface);
UNKNOWN_PATH::vendor_shopRepositoryInterface);,1,1355,vendor_shopRepositoryInterface);
UNKNOWN_PATH::vendor_orderDetailsRepositoryInterface);,1,1359,vendor_orderDetailsRepositoryInterface);
UNKNOWN_PATH::vendor_productDetailsRepositoryInterface);,1,1363,vendor_productDetailsRepositoryInterface);
UNKNOWN_PATH::barcodeRepositoryInterface);,1,1367,barcodeRepositoryInterface);
UNKNOWN_PATH::vendor_restockRepositoryInterface);,1,1371,vendor_restockRepositoryInterface);
UNKNOWN_PATH::clearanceSaleRepositoryInterface);,1,1375,clearanceSaleRepositoryInterface);
UNKNOWN_PATH::categoryRepositoryInterface);,1,1379,categoryRepositoryInterface);
UNKNOWN_PATH::vatRepositoryInterface);,1,1382,vatRepositoryInterface);
UNKNOWN_PATH::aiRepositoryInterface);,1,1385,aiRepositoryInterface);
UNKNOWN_PATH::orderEditRepositoryInterface);,1,1389,orderEditRepositoryInterface);
UNKNOWN_PATH::vendor_auctionAiRepositoryInterface);,1,1397,vendor_auctionAiRepositoryInterface);
UNKNOWN_PATH::auctionProductRepositoryInterface);,1,1401,auctionProductRepositoryInterface);
UNKNOWN_PATH::vendor_authServiceInterface);,1,1406,vendor_authServiceInterface);
UNKNOWN_PATH::bankInfoServiceInterface);,1,1410,bankInfoServiceInterface);
UNKNOWN_PATH::vendor_chatServiceInterface);,1,1413,vendor_chatServiceInterface);
UNKNOWN_PATH::vendor_couponServiceInterface);,1,1417,vendor_couponServiceInterface);
UNKNOWN_PATH::deliveryServiceInterface);,1,1421,deliveryServiceInterface);
UNKNOWN_PATH::emergencyServiceInterface);,1,1425,emergencyServiceInterface);
UNKNOWN_PATH::vendor_orderServiceInterface);,1,1428,vendor_orderServiceInterface);
UNKNOWN_PATH::vendor_productServiceInterface);,1,1432,vendor_productServiceInterface);
UNKNOWN_PATH::vendor_profileServiceInterface);,1,1436,vendor_profileServiceInterface);
UNKNOWN_PATH::vendor_refundServiceInterface);,1,1440,vendor_refundServiceInterface);
UNKNOWN_PATH::vendor_reviewServiceInterface);,1,1444,vendor_reviewServiceInterface);
UNKNOWN_PATH::businessServiceInterface);,1,1448,businessServiceInterface);
UNKNOWN_PATH::vendor_shippingServiceInterface);,1,1452,vendor_shippingServiceInterface);
UNKNOWN_PATH::addProductServiceInterface);,1,1456,addProductServiceInterface);
UNKNOWN_PATH::vendor_splashServiceInterface);,1,1460,vendor_splashServiceInterface);
UNKNOWN_PATH::vendor_transactionServiceInterface);,1,1464,vendor_transactionServiceInterface);
UNKNOWN_PATH::vendor_notificationServiceInterface);,1,1470,vendor_notificationServiceInterface);
UNKNOWN_PATH::vendor_walletServiceInterface);,1,1474,vendor_walletServiceInterface);
UNKNOWN_PATH::vendor_locationServiceInterface);,1,1478,vendor_locationServiceInterface);
UNKNOWN_PATH::vendor_cartServiceInterface);,1,1481,vendor_cartServiceInterface);
UNKNOWN_PATH::vendor_shopServiceInterface);,1,1484,vendor_shopServiceInterface);
UNKNOWN_PATH::vendor_orderDetailsServiceInterface);,1,1489,vendor_orderDetailsServiceInterface);
UNKNOWN_PATH::vendor_productDetailsServiceInterface);,1,1494,vendor_productDetailsServiceInterface);
UNKNOWN_PATH::barcodeServiceInterface);,1,1497,barcodeServiceInterface);
UNKNOWN_PATH::vendor_restockServiceInterface);,1,1501,vendor_restockServiceInterface);
UNKNOWN_PATH::clearanceSaleServiceInterface);,1,1506,clearanceSaleServiceInterface);
UNKNOWN_PATH::vendor_categoryServiceInterface);,1,1510,vendor_categoryServiceInterface);
UNKNOWN_PATH::vatServiceInterface);,1,1513,vatServiceInterface);
UNKNOWN_PATH::aiServiceInterface);,1,1516,aiServiceInterface);
UNKNOWN_PATH::orderEditServiceInterface);,1,1520,orderEditServiceInterface);
UNKNOWN_PATH::vendor_auctionAiServiceInterface);,1,1527,vendor_auctionAiServiceInterface);
UNKNOWN_PATH::auctionProductServiceInterface);,1,1532,auctionProductServiceInterface);
package:flutter_sixvalley_ecommerce/features/vendor/auth/domain/repositories/auth_repository.dart::AuthRepository,1,1535,v_auth_repository.AuthRepository
package:flutter_sixvalley_ecommerce/features/vendor/splash/domain/repositories/splash_repository.dart::SplashRepository,1,1537,v_splash_repository.SplashRepository
package:flutter_sixvalley_ecommerce/features/vendor/profile/domain/repositories/profile_repository.dart::ProfileRepository,1,1539,v_profile_repository.ProfileRepository
package:flutter_sixvalley_ecommerce/features/vendor/shop/domain/repositories/shop_repository.dart::ShopRepository,1,1541,v_shop_repository.ShopRepository
package:flutter_sixvalley_ecommerce/features/vendor/bank_info/domain/repositories/bank_info_repository.dart::BankInfoRepository,1,1545,v_bank_info_repository.BankInfoRepository
package:flutter_sixvalley_ecommerce/features/vendor/settings/domain/repositories/business_repository.dart::BusinessRepository,1,1549,v_business_repository.BusinessRepository
package:flutter_sixvalley_ecommerce/features/vendor/product/domain/repositories/product_repository.dart::ProductRepository,1,1554,v_product_repository.ProductRepository
package:flutter_sixvalley_ecommerce/features/vendor/pos/domain/repository/cart_repository.dart::CartRepository,1,1564,v_cart_repository.CartRepository
package:flutter_sixvalley_ecommerce/features/vendor/coupon/domain/repositories/coupon_repository.dart::CouponRepository,1,1571,v_coupon_repository.CouponRepository
package:flutter_sixvalley_ecommerce/features/vendor/product/domain/repositories/category_repository.dart::CategoryRepository,1,1587,v_category_repository.CategoryRepository
package:flutter_sixvalley_ecommerce/features/vendor/ai/domain/repositories/ai_repository.dart::AiRepository,1,1591,v_ai_repository.AiRepository
UNKNOWN_PATH::AddAuctionProductRepository,1,1594,AddAuctionProductRepository
package:flutter_sixvalley_ecommerce/features/vendor/bank_info/controllers/bank_info_controller.dart::BankInfoController,1,1603,v_bank_info_controller.BankInfoController
package:flutter_sixvalley_ecommerce/features/vendor/delivery_man/controllers/delivery_man_controller.dart::DeliveryManController,1,1609,v_delivery_man_controller.DeliveryManController
package:flutter_sixvalley_ecommerce/features/vendor/review/controllers/product_review_controller.dart::ProductReviewController,1,1622,v_product_review_controller.ProductReviewController
package:flutter_sixvalley_ecommerce/features/vendor/addProduct/controllers/add_product_controller.dart::AddProductController,1,1628,v_add_product_controller.AddProductController
package:flutter_sixvalley_ecommerce/features/vendor/transaction/controllers/transaction_controller.dart::TransactionController,1,1632,v_transaction_controller.TransactionController
package:flutter_sixvalley_ecommerce/features/vendor/notification/controllers/notification_controller.dart::NotificationController,1,1634,v_notification_controller.NotificationController
package:flutter_sixvalley_ecommerce/features/vendor/order_details/controllers/order_details_controller.dart::OrderDetailsController,1,1638,v_order_details_controller.OrderDetailsController
package:flutter_sixvalley_ecommerce/core/localization/controllers/localization_controller.dart::LocalizationController,1,1645,v_localization_controller.LocalizationController
package:flutter_sixvalley_ecommerce/features/vendor/language/controllers/language_controller.dart::LanguageController,1,1647,v_language_controller.LanguageController
package:flutter_sixvalley_ecommerce/features/vendor/dashboard/controllers/bottom_menu_controller.dart::BottomMenuController,1,1652,v_bottom_menu_controller.BottomMenuController
package:flutter_sixvalley_ecommerce/features/vendor/clearance_sale/controllers/clearance_sale_controller.dart::ClearanceSaleController,1,1659,v_clearance_sale_controller.ClearanceSaleController
UNKNOWN_PATH::CustomerController,1,1661,CustomerController
package:flutter_sixvalley_ecommerce/features/vendor/pos/controllers/barcode_scan_controller.dart::BarcodeScanController,1,1665,v_barcode_scan_controller.BarcodeScanController
UNKNOWN_PATH::ShowBottomSheetController,1,1667,ShowBottomSheetController
package:flutter_sixvalley_ecommerce/common/controller/tutorial_controller.dart::TutorialController,1,1668,v_tutorial_controller.TutorialController
package:flutter_sixvalley_ecommerce/features/vendor/addProduct/controllers/variation_controller.dart::VariationController,1,1672,v_variation_controller.VariationController
package:flutter_sixvalley_ecommerce/features/vendor/addProduct/controllers/add_product_tax_controller.dart::AddProductTaxController,1,1679,v_add_product_tax_controller.AddProductTaxController
package:flutter_sixvalley_ecommerce/features/vendor/order_edit/controllers/order_edit_controller.dart::OrderEditController,1,1685,v_order_edit_controller.OrderEditController
package:flutter_sixvalley_ecommerce/features/vendor/auction/controllers/auction_ai_controller.dart::AuctionAiController,1,1688,v_auction_ai_controller.AuctionAiController
UNKNOWN_PATH::auctionTransactionRepo);,1,1698,auctionTransactionRepo);
UNKNOWN_PATH::auctionTransactionService);,1,1701,auctionTransactionService);
UNKNOWN_PATH::thirdPartyDeliverymanRepo);,1,1707,thirdPartyDeliverymanRepo);
UNKNOWN_PATH::thirdPartyDeliverymanService);,1,1710,thirdPartyDeliverymanService);
